1145961717198835712,Liya Maria,LiyaMaria6
378466576,Dwinda,pratidinadhe
1146050583897358336,Muhammad Ilham,Muhamma49156751
1145741774695964672,Sa_qna,sa_qna
1146049769325776901,Prtwii,Prtwii4
1135667249614712832,mayafatmawati,mayafatmawati5
1146049657346248707,Fiyya,Fiyya01700215
1146049337698349057,K4D4R1,K4D4R11
1135851774122766337,Awan mendung,Awanmen39079281
1075782002648014849,Bdg,Bdg95459631
1146049070764445697,Glen,Glen98673324
1146049872560185344,Muhammad Rizaldi,Muhamma43089770
1146047570545741826,Harshad M.,Harshad58181100
1146049016758620161,Nahrowi Bandar,BandarNahrowi
1146048445058183169,Fathma2029,fathma2029
1146047029631578113,gasing,mhmmdkhtmi
1146049953904484355,Zoyaauuul,zoyaauuul
1146049393205731328,Thisisme,Thisism77095715
1146049811671478277,dekranasdabali,dekranasdabali
1146049433533964288,sinta rahel,sintarahel1
1146043794644598785,Miskan05,miskan05
1145863484564918273,Anjasrvldo_025,Anjasrvldo0
1146049957129965569,Bagasleonardo,Bagasleonardo5
1146048679159091201,josatra18,josatra18
3193197732,tomyadiarto63,Tomyadr63
1145683217149657088,Muhammad Razi_,MohdRazi_69
1146049302461988866,burhanuddin,btharyparamitha
1146049114699730944,Yolanda Oktavina,YolandaOktavin4
1146047523682787328,Archanudin Tresna(mu)wan,TresnaMu
1146049485799186432,justme,justme00849300
1146049624932638722,Tokiwa Sougo,TokiwaSougo12
980615954202640385,B U C I N K Y U N G S O O,sayangucoo
1146044129962409985,Cindychairunnisa,Cindychairunni5
1144593733662330880,@REN,m_rendye
1145477626829524992,Qiqi Zhu,QiqiZhu3
1145624919553658881,Irasmayaa,irasmayaa
1146048030887440384,Pradityatyo,pradityatyo
1144807319701610496,Rahma Wibawani,rahmawibawani
1146045596295294976,Anti,Anti32534714
1141430801512333312,Rgilang135,rgilang135
1146048287289430016,Rifa'i Ahmad,RifaiAh15561727
1146049316395446277,comewithme,comewit48689529
1146048012373786626,Sebriyansah,sebriyansah
1146039879513473024,yuLiaana,liaana_yu
1146047994296328192,Maradu sagala,SagalaMaradu
1145901940242391042,Miftah,Miftah99564381
1144959938931748864,Fathoeloh KOMPAK,FathoelohKompak
1146035396117032961,RamaDestian,RamaDestian2
1146048292154855424,Ronal,Ronal13265395
1064058576723824640,Merajana,Merajana2
1146048557335506944,Muhammad Raffi,Muhamma48390712
1146048222516826112,Mutiara Alvionita filemon,FilemonMutiara
1146048560271523841,Cheesecake,Cheesec24224415
1146048076378865664,Mirna25,Mirna259
1143432330649849856,Desvita Maharani,Desvitamhrnn
1146048345544114177,kietjakra,kietjakra1
1146047260678975489,penjol,penjol76839791
1146047535372361728,Jakis,Jakis50525881
1146047811609219074,Mantab Suami,MantabSuami
1146048245249871878,Tara Marshella,TaraMarshella
1146046439153209344,Rahmat Las,rahmat_las
1146046904855232512,Shelby,Shelbyybasnet
1146044179409018881,Nadifafatiha,nadifafatiha
1146047030881505280,Risma,Risma76865521
1146046041503850496,Amrullah Gerlang,AmrullahGerlang
1146047244467970048,Rahmad Wahyudi,RahmadW38691638
1146048114559574016,Kopi‚Öû,8Kopi7
1146047452719407105,Erari Yahya Pace,ErariPace
1146047694072238080,Reza Stark,stark_reza
1141277868229459968,Dea Hazimah P,dhzmhptri
1146047110657085440,Dilla,Dilla39127987
1145330748578119680,Suharlan Ahmad,ahmad_suharlan
1146046963042832385,Novita Aulia,NovitaA23303324
1146047972678885377,Deivy Karwur,DeivyKarwur
1141962353220526085,rizzz,rizzz67409070
1146047657460162561,Stronglapertu,stronglapertu
1143909511989587968,M.rafa Al Farisy,RafaFarisy
1146047404971458560,ENG,ENG02636853
1146047226814201856,Fikri.pp,pp_fikri
1146046927911313408,Bagas wahyu,Bagaswa16073411
1146047319378292738,Rizkiazhar,Rizkiaz62093702
1146046691423899648,Ikfan,Ikfan25970411
1143125508646821893,Erna Wansih,EWansih
1139898406044721155,Kiswah31,kiswah31
1053915658126159873,FX_ARIA,aria_fx
1146045120417955841,Arif_Al Munkori,AMunkori
1145908888211902464,Muhammadfauzi,Muhamma16288366
936986747971309568,R_Gunawan17,AvieroGunawan
4683054552,Kendi Ibrahim,ccee980052584dd
1145549239008690176,Danieas Arsitektur,DanieasArsitek1
1146046757874200576,Anna Alisha,AnnaAlisha3
1145404971040440321,Mujahidah,Mujahidahh3
1146045797726711809,Amir nibandera,AmirNibandera
716950336376688641,BarisanNusantaraJaya,JayaBarisan
1146044587762302977,Jhon jono,Jhonjono2
1146046923238887424,Atie,Atie91622038
1146046975524999169,Joeallans,Joeallans2
747815751243939840,Rayhan Dhaly Mumtaz,dhaly_mumtaz
1146046662755807232,Yandi,Yandi70096728
1146046451933335552,fatmah,fatmah100200300
1146046600394858498,DebyGirl,deby_girl
1146045192941686790,Jelcshon,Jelcshon1
1146046108914728965,Hary Ngalong,Hary06496975
1146045985157574657,Bahtiar Lubis,BahtiarLubis8
1146045916383604736,Iniaku,Giulianaprisel
1070215084499099648,T,T57468585
1146045653866311680,Elisaslvn,Elisaslvn1
1146045923102904320,Muhammad Afif Lutfiansah,AfifLutfiansah
1146046309146587136,Husei,Husein32125925
1051733264744869888,AnggiaKM,anggia_mahanani
1146045283190505474,raja panjaitan,rajapanjaitan7
1146045990345986050,Del,Del78160519
1146044585543491588,lalarizal,RizalMatopani8
1146045574828810240,Riyant,Riyant77538830
1146046339656011776,JTDarmojo,JDarmojo
1143159538897453057,Desta wulandari,Destawulandari5
1146045779536039937,Angelinaraun,Angelinaraun1
1146045928781910019,Maldini,Maldini82183289
1146045533275877376,Khoirul Anwar,Khoirul47318910
1146044609715269632,Agam pamungkas,Agampamungkas11
1145994565825884160,Arka04,Arka041
1146046368886059010,Deden,Deden15649952
1146046393707950080,Gary,Gary56872044
1145619344035942401,Marcoraja,Marcoraja2
1146045932212912128,Kevin Susena,susena_kevin
1141200403494662144,Dhadil,Dhadil2
1146045544755712000,Good Mood,GoodMoo33521289
1146046360296181760,maliaez,maliaez2
1146046055751925760,Roza.12,Roza1261732849
1143455687067836417,Deden Hildan,odennyyyyyyy
1145722485993639936,Mulia Nur Firdaus,MuliaFirdaus
1146026967512186881,Firna Ilaida,frnilaida
1145398124141170688,Galuh Cortez,CortezGaluh
1145005900446330880,Kasanudin,Kasanud34854597
99287939,Lidia Marlesi Marcus,lidlidia
1142393371660390402,Mugi Waluyo,MugiWaluyo10
1146045228014428160,Rio Ervandana,RErvandana
1146044520405979138,Sutan arvinho,ArvinhoSutan
1146045147123109888,Chuitchiut,chuitchiut
1138073358518460417,B.E,BE70154708
1145842613578113024,Odetta Sincerra,OSincerra
2185651824,Michael Fransisko,Fransisko_Mic
1146045041992855554,Wahyu Martyasni,_hilopnd
1146032950032531456,sultan,sultan90654494
1146044572331458563,Angeline Bebol,AngelineBebol
1146045651504881664,Anis Rohayati,AnisRohayati
1146045365923151872,daung,RobithwW
1146044674857029633,wawan sanjaya,M4tP3lor
1189557499,anak agung gde dalem,gungde_dalem
1146044900531560448,Ribka Elika,RibkaElika3
1146045070681858048,risa anggi siswandari,RisaSiswandari
1146045187858157569,Shyfa,Shyfa05245222
228296969,dwi fardina,wiefardina
1145319787783847936,ahlulnazar,ahlulna77892295
1140459733603610624,Triyanto,Triyant74240144
1146045297740505089,just me,lulussh2019
1142207800396828672,Wilah,Wilah13
1146045106354413568,Verry,Verry97592656
1146044234597687296,Amor!,Amor13797468
1146044962955337728,lintasnusantara00@gmail.com,lintasnusantar7
1145760840076779520,Tupai519,Eva5191
1141577377606062080,Andika Ayu Prasesti Setia,AyuPrasesti
1146043085878521857,WastiMS,ms_wasti
1145994661997137920,Aidil Putra,AidilPu98507312
1146043966170648576,Nyong'o Papua,o_papua
1146044398687285248,LuluAlfiani,Lulu52188808
1146044388293824512,Mhmmad_fadli313,MFadli313
1146043385356025857,Toni Ahmad,ToniAhm88546202
1146043815855157248,Masyhuri99,masyhuri99
1146044948900274181,Yuli,Yuli28623428
1146043932750446593,lina septiana,linasep93540989
1145842306823491584,Wida Widia,WidaWid87610921
1140994249632014336,Jhoni Hdh,HdhJhoni
1146043636510932992,Lia Fadhila,LiaFadhila4
1146044231196143616,Haikal,Haikal51868572
1145350147687059456,Dhianazein_,Dhianazein5
1146044272447148033,Dani ( The Sacred Riana ),SacredDani
1146044525132992512,Aldhy Fhyzezah,aldhy_fhyzezah
1146043646585667584,donald55,donald532631195
1146043287699984385,Raifal,Raifal35278992
1146030667290968066,A5f,A5f43140113
1146043871614210048,Hian,Hian24646429
1146042998540517377,Rizki Rahman,RizkiRa76836091
1146044388130209792,MadainIndonesia,IndonesiaMadain
1146043905697148928,hartono,hartono03178710
1143895569678524416,Unkown,Unkown40042358
1146043705830170624,Kusnadi,Kusnadi46266499
1146044524067618816,Aldikintil,aldikintil
1146043120552837122,Nanda Rizqi,NandaRizqi19
1145651352795672577,nicholasnathanael,_nathanaelll
1146043254908968963,Goyangnasipadang,Goyangnasipada3
1146043546673090560,Rina Zenabiah,RZenabiah
1145851578890383361,Anggi Ramadhan,AnggiRa72669159
1146041244986068992,intanpatmawati15,intanpatmawati4
1146044102288429057,Frisaa,Frisaa2
1146044179161608193,firzan achriansyah,firzanachrians1
1145815559583330304,Hendrik Tetelepta,HendrikTetelep1
1146037887386804227,dani,dani86135011
1143358443199201281,Dairfamls,dairfamls
1146043016676663296,Didi Haryadi,DidiHar18009311
1146043008627818498,nanda saputra,nandasa34833306
1146039903492329472,Adhi Yulianto,AdhiYulianto8
1146041277051334661,Lna_27,27_lna
2447423004,Unyil Tattoo Gallery,unyiltattooist
1146043456583659521,MantanTerindah,whs_u
1146043173698801666,manusia hidup,FirdaErsalina
1146041896227106817,Arif Irwansyah,ArifIrwansyah14
1145533905253965824,kimningseosong,d_ningsi
1199902004,Linda,Lindachistefana
1146038158355849216,Siscalika,siscalika
1146042599267921921,Aditya Yunanto,AdityaYunanto7
1146042914910289920,KikiNst,KikiNst6
1099181102764191744,subahrialfaris123@gmail.com,subahrialfaris1
1146043024926887936,Itsyuning,Itsyuning1
1146043147757056000,Alvian Jeremias Mauri,AlvianMauri
1145609727897825285,Qirani,Qirani96169681
1146042754729824261,bidansuci26@gmail.com,bidansuci26
1146042938327101440,Rifqidaffara,rifqidaffara
1146042864918380544,anggih ray,AnggihRay
1146041885841977351,Sendaljepit,Sendalj13762905
1146042335060348929,Miftah11,Miftah1113
1146043139431419904,Vito,Vito88853064
1144141019744575488,hanif_pcyxx,pcydelightt_
1146042595165929472,Theressia Amalia,AmaliaTheressia
1145410457739489280,Sarwan,Sarwan76841993
1047173119763345408,LordEx Aibara,Lucifer_LordEx
1146042825152192513,Bemby Boy,BembyBoy2
1146041566005301248,Andre,Andre65177252
1146039768779636737,Siitiyaa,Siitiyaa1
1143646056166506497,Bacot,Bacot60866494
1146042756881510402,Widy Astuti,WidyAst35603070
1146042208052662272,inaytlkhry,inaytlkhry
1146041997091733506,Halbae,Halbae7
1146042603034431489,NurulZulfaHidayah,NurulZulfaHida1
1145669806718275584,Zhuneds,Zhuneds3
1146041884541775873,Khaerul11,Khaerul114
1129475313300197377,Y'RonHKM,ronhkm
1146037506300715009,ragilttaa,ragiltta
1146042018298134530,mrclrsta,ClaristaMaria
1146042207008223233,MegaAprilia,MegaApr52603406
1146041521411510276,@xtcpac Lintas Timur Pekanbaru,XtcpacP
1139655737934618624,Black Sweet,BlackSw47937556
1146041896587808769,suhailiirsyad,IrsyadSuhaili
1146041955782017024,Samki Pangkey,PangkeySamki
1145672566406701058,Zafar Rtg,RtgZafar
1145625864547127296,Sartika dewi,Sartika64661441
1146041372773720065,Syifa Alvita,AlvitaSyifa
1144615606877974529,Yuli Siswanti,Yulisiswanti_
1146041338774745089,Muhammad Arif,Muhamma73907856
1146040804047147009,Syahrilyusuf,Syahrilyusuf6
302879441,Muhammad Rafii,MuhammadRafii_1
1145699058184441857,shavitri,shavitri10
1146041001472958464,faf,A300328908
1082861791611301889,missqueen,ambartikaa
1146040384713187328,Herice Tomoro,HericeT
1146041535902785536,Zelvt,Zelvt1
842236046137937920,Rifany Zahiroh,RifanyZahiroh
1146041568320638976,Vera Siska,VeraSis57943377
1146041558291976195,gozila,gozila666
1102393021008502784,Ardestya Rastrani,rastrani
1146041470161342465,Nilla Yulita,YulitaNilla
1146041248303599618,Fernando Raja,FernandoRaja5
1146040937887330304,Kapan kapan,Kapanka99511578
1146041331032051714,Kedis,Kedis61670629
1146008010600284162,Keysia Salsabilla,KeysiaSalsabil3
1138970930657415168,Cule Moro,CuleMoro
1146040950105358336,Rpsimarmata,Rpsimarmata1
1146041118540193795,ozz,ozz40359057
1146036097853448192,Adie Toganti,AdieTog59199234
2198780964,Hani Hariyani,hani_hari
1146040908426575873,Eun Ha,EunHa09874543
1146036872101023744,Jehu,jehudcd21
1101859055021088769,Firdha Chotimah,FirdhaChotimah
3481284571,EXO  funny and cute moment,anida222
1133013681720123392,AM,AkbarMoo1
1146040982841917440,Sindyy Siahaan,SiahaanSindyy
1146039818175934464,quwin,quwindiiiiiiii
1142101054701658113,louise Joseph,louiseJ15988117
1141394232864755712,Rhode sugar,SugarRhode
1146040033800908802,Deiby inggrit Tiwa,DeibyTiwa
1146039094444617730,Dewisetya,Dewiset16080271
1146040075752361989,nyoman,nyomanssss
1146040370884567040,Elcambay,Elcambay1
1146038591669145601,Lambaihaqi,BaihaqiGulam
1146039722717806592,Dark_knight,Darkkni85097954
1146040398852186112,Glory anastacha christie,AnastachaGlory
1146039883787407360,SusuCoklat,SusuCok54873217
1146039837444591616,Adisev,Adisev1
1146039826732310529,Tele_,Tele85621483
1146039610415259649,Jesikaeunikeb,jesikaeunikeb
1146040279260024832,ilham,ilham26131986
1145905544831442944,bye.,ecafitrianis1
1146040147848261634,Dhea üê£,Dhea71414119
1146039571286646784,Gigit,Gigit88695905
1146039983792222214,kucingturbo,kucingturbo1
1146038642386714625,Sepher,Sepher95787469
1145994409550344193,Sugesti Ningrum,ningrum_sugesti
1146038616725917696,dikapaul_28,Dikapaul2
298870107,Daffa,daffadave
1124545652497604608,NaufalAltaris,AltarisNaufal
1144960234181447680,Achel,Achel55809705
1146039817529987072,RahmatAdjilahu,AdjilahuRahmat
1146032581307072512,Amir,Amir03232630
1141068220020826112,Ipull Mini,MiniIpull
1146039180268462080,loyleadrm,loyleadrm
1146039753747263488,Mochamad Gibran,MochamadGibran
1483922683,muh syawal basri,syawalbsr
1146034452813926401,Khoerotul Malikhah,KhoerotulMalik3
1146039576516894720,Ademuti05,ademuti05
1146039598570602498,Dinah,Dinah88584548
1146038744958431233,Nursaripa HM,Nursaripa29
1146034914858418177,Davina_2206,Davina_mey2
1146038320088043521,dwimora,dwimora1
1146039399227875328,sandibanjar,sandibanjar1
753763338916683777,Edwin Fitria Syah,edwin5758_
1146039435303112704,eneldaaris222,eneldaaris222
1146039464684187649,Amelliya,Amelliy30508160
1146038749639237632,Randhika.2134,2134Randhika
1146037788405424128,Nur Layly,NurLayly5
938072278713090049,Stars,Stars191178
1088656734363643904,Jessica S,jessica_shg
1146037121108434945,Dedy Supriyadi,DedySup25363856
1146038691883671557,Arya,Arya42210262
1146038629447294976,Syrfh Ssst,SsstSyrfh
1146037784483749890,Amrina,Amrina50000729
1146038760410243072,Bilakusumma,bilakusumma
1140549647800291328,Anas Robbani,AnasRobbani
1146038386362159106,r.pjmriaulf26,pjmriaulf26
1146037662240976896,Javad Bodaghi,bodaghi_javad
1146038119461871617,Sigit17,Sigit1712
1146034621521383424,sun shineee,RirisChanifaa
1146037693454798849,Dartam Dj,DartamDj
1133402989081743360,Mas_Ampang,AmpangMas
1146038222566248448,Suryaagungsyahputra,Suryaagungsyah1
1146038118849474561,dhani sardono wiyoto,WiyotoDhani
1146038646799138816,Endo Kusnadi,EndoKusnadi
1146037769996652546,SODIKIN,SODIKIN68694535
1146037212011626496,@Lyta-caramellatte,LCaramellatte
1146037523224788993,Sayang,Sayang91541859
1146037759129206784,lollylia,lollylia2
1082605176794435585,bi'un ART 69,biunART691
1146036514549223424,Bagus Rhinosa,BagusRhinosa
1146032465082929153,D,Dinah77872057
1146034541095636992,Seyron,Seyron5
1146037419638001665,Malindae_,Malindae1
1146036956964347906,Toar,Toar68426650
1146036749837066242,Ida Hanif,IdaHanif2
1146036946235342849,Ulala,Ulala18062240
203823439,Eillen,Eillen_K
1146037579977912320,bajang711,bajang711
1146037477402009601,Dicky Ardiyansyah,DickyArdiyansy6
1041161195644805120,Ilham Abdul Haq,DoelHaq_
1146037451183443968,Ilott,Ilott15
1141510831189839872,H O K A G E,HOKAGE25068324
1146036398257926144,Yunanda Agus,YunandaAgus
1110579701817446405,Tanvir Ahmed AUJOY,AujoyTanvir
1146036984181248000,BayuAji,BayuAji77752409
1146037295910248448,Ben Maheswara,BenMaheswara
1142418107270479872,I Nyoman Sukarya,INyomanSukarya2
1146034987675734019,Hendarso,Hendars41506025
1146035611154780160,Suratmin,Suratmi53042480
1146036967693377536,Ibeth87,Ibeth871
1146037285940371456,Anto K,AntoK34559752
1146036656325066754,Bintang,Bintang18374818
1146036726202109952,Anisss,anisssyhrrr__
1146037304869306368,AngkyMantolongi,AMantolongi
438917095,AC MILAN Everything,Acmilan_Story
1100781505620598784,KarekaA_,a_kareka
1144509907560886272,anjinghutan,anjinghutan5
1145134751021330433,Abdul Muhammad,AbdulMu07495152
1135244585318342656,bangkit,bangkit74014227
1146036998953562112,kaarafe,agenmicin
2501023580,"half heaven, half hell",syifaasabrn
561221643,Bonifacius Sandro,Ando_Photograph
1146036251159494656,Saiful Mudzab,SaifulMudzab
1145998887775162368,Deat,Deat74561235
311858646,ùêüùêöùê•,naufaladip
4731398028,Hermansyah,Herman011074
1146036102970540033,Risal Achkamudin,achkamudin
1146033859558985734,Billmrbn,mrbnbill
1146035410402869248,Stefanussurbakti,Stefanussurbak1
1146035221592100864,adelliaolivia,olivemelancholy
1144393569764929536,Adelia Haninditya,AdeliaHanindit2
1146035976789037056,izzan,izzan34660131
1146036384961974272,Adithio,_Adithio
1146035956278894592,Ayla Hafeeza,AylaHafeeza
1146036587060293633,Sekar fitrianti,Sekarfitrianti2
1146036643310125056,Geh,Geh13699017
1146031309824786433,Paijo,Paijo64527264
1146035194266128385,Fitrye,Fitrye32897083
1146035540522758144,Wulanirs,Wulanirs1
1146035771532439554,Yanah Yohanah,YanahYohanah
1146035103535026176,Rosy_,Rosy23693243
1146035234430844928,Sulistiowati,Sulisti60981756
1146035384058466304,Indri Widayanty,Indrwdynty
1146035246145531904,Yusuf akza,AkzaYusuf
1146036152522031104,Jiminnnyyy,Jiminnnyyy1
1145292079133650944,Safta Yusrika Sari,YusrikaSafta
1146035828205875200,adlynexx,adlynexx
1145924950244544514,Sugito,Sugito92213080
232040924,Masrukin,Masrukin_
1146035330002255872,Hendri,Hendri55878312
1146035791807672320,Mikhael,Mikhael81297388
1146035057087242241,Rangphut,rangphut
1146035651583733760,Syarif,Syarif54350661
1146035205540421633,Hardi,Hardi11176373
1146035608134942721,renata,renata89244001
1146035265363832832,Lila,Lila90730904
1146030407336333313,Risya Dzulfika,DzulfikaRisya
1146028540938211328,Titanium,Titaniu19647063
1146033847861071872,Ismail Oda,IsmailOda6
1146034074189889536,Rhandy Oey,OeyRhandy
1146034763188207617,Dinar,Dindin03_
1146034516449849345,tppkkbali,tppkkbali
1146026250323914752,saroengputehüêæ,saroengputeh
1146033330233602049,Ayenda Sastro,ayenda_sastro
1146034400712204288,grianza,grianza1
1145581513494237189,Syafii Ariamayor,ariamayor
1146033944871067648,Dnpangesty,dnpangesty
1146034274614726656,Musdalifahlangi_,Musdalifahlang1
1146033991616585728,assifacitraw,AssifaCitra
1146033868677345280,zainulhasan,zainulh98884824
1146034734012628992,Fikri,Fikri20797643
1146034145639796737,Yohanes,Yohanes91804613
1146033432331341825,Subhanaan439,subhanaan439
1146033447028183040,Hansye Parimo,HansyeParimo2
1146033353088368640,Nelzon,Nelzon75981509
1146033689169580032,Dhedhek_Tata2624,DhedhekT
1145979698171613189,sepoeloeh_hari,SepoeloehH
1146033918958686208,Bocah Bar Bar,enjenair
1146033885903409153,Robby Permana,RobbyPe51724552
1145694323574362112,DebuMalam,malam_debu
1146033855595286529,Dicky Ferdian,DickyFe65824698
1146034372924956672,loniarturrr,loniarturrr
1124976963104329728,Yudha,Yudha58747920
1146034193790488576,nandasari,nandasa74497078
1146033535796387841,Fairuz As Suba'i,FairuzSuba
1143159403895353344,munandar,kalangkekap
3237196842,yahya sitepu,sitepu_yahya
1016226309503049728,elineyo,_Elineyo_
1146033423003164672,Chiara Soetedjo,ChiaraSoetedjo
1110623754470580224,youry randa,YouryRanda
2485714302,Riki 04,s4riki
1146033029669773312,Ersa,Ersa19254667
1146033544138936321,Dus,Dus52843417
1146033655011168256,Yoiyo,Yoiyo50307747
1145895489868484608,Ubaitz_,ubaitz
1146032328352731136,Heru Muzhariyanto,HeruMuzhariyan7
1146033109512491008,Ayuning Sepdina,AyuningSepdina
1530952638,Agung.F.Putra,agungfriyanto20
3232979011,pratiwi jolie,pratiwi_jolie
1146032170189774848,Biji.wijenüê•,yuni33496986
1146033009377730561,Berkahfoto94@gmail.com,berkahfoto94
1146030555667898369,Nur hikmah,Nurhikm73875456
1146033198964469760,Gabe Siagian,GabeSiagian1
1146032436670693378,Uchok.,Uchok06359719
1146032472137670657,fitri syah,fitrisyah17
1146032510221971458,Bagus_,Bagus22835008
1146032609945800705,Gindeul-sshi,gindeul
1146032553981124608,Mikael Antonius Paskaditya,MPaskaditya
1146032754229837825,ciccilonia,ciccilonia
1146031638242926592,fern¬¨fllbck dong,vennd_
1145880794944008192,Kemuning Senja,Kemunin03262448
1145107036587343873,sashabanks,sashaba01373017
1146032457990336512,Erinnnn,Erinnnn09238798
1146031915490672640,Khusnul3629,khusnul3629
1146032229144907778,Hana Jung,HanaJun30881825
1146032411655884801,piercyjackson,piercyjackson3
1146032092171497472,Riahana,Riahana23279157
1145993629627846656,Ìåå„ÖèÎîîÌûàÎûó ÎãæÌåå ÏàòÌïòÎùº,suharadaffa
1145705255801245699,Awanks,Awanks14
1146030106277584896,syahid,loveurselfdud
1146031991621447681,Sasha Adrina,SashaAdrina
1146030346313453568,GG,GG84483609
1133725137050595328,Yasir Hartono,HartonoYasir
1146031777133125632,Muhammad Akbar,Muhamma53206999
1146030469844070400,Lombe,Lombe17692376
1146031290451279872,Unknownguy,Unknown22920503
1146031417572225027,ahmad fiqri,ahmadfi78353840
1146031352610877440,Ridha Daud,daud_ridha
1146029709945266176,Ami,Ami17625511
1146031853528178688,Rohmat,Rohmat06905515
1146030970224562176,darkness,darknes17532682
1146030025939935232,Muhammad.Taqy,MuhammadTaqy7
1126326695768629248,Rizkaaa,Rizkaaa86016658
1146031162650845184,PutingBeliung,PutingBeliung10
1145947467323596800,Asriyani,Asriyan68229078
1146023671124725760,Ika Oktavia,IkaOkta47274120
1907446909,Nur Mukti,Nmuktii
1146031151963750401,Candrika Eka Herdiyanti,eka_candrika
1146030655890837504,Imbreechy@yahoo.2517,imbreechy
926960856373403648,m.,guemalaikat
1146028401951514624,Fans Kardus,FansKardus1
1146031513055588353,ayu dewi,ayudewi07162054
1146030249164984320,Adi,Adi05126210
1146030762673577984,feexroo id,feexroo
1119791674975064064,babatss,babatssss
990499361845952513,panggil aja ndu,brondongculunnn
1146030830499667968,Yasrul,Yasrul95126689
1146030410175877120,Dhikaaa,Dhikaaa41556995
1146030577461555200,Shanty,Shanty34366355
1063732744000233472,nanai,nanaicaa
1120540008664842241,Sutang simatupang,Sutangsimatupa1
1146030084668530690,Nofitafitri21,nofitafitri21
1146030267972243456,Dayrielahyr,dayrielahyr
1146029396626554885,fahri Ramadhan,fahriii95
1146029742656610304,Yuni Yusuf,YuniYusuf12
1146029450707869696,Ruslibima,Ruslibima2
1146030724199243776,Afanjabar,afanjabar
1146030333919318016,Denny Rizky,DennyRizky15
1146030348477714433,Ibnu Dwi Syahbani,syahbani_ibnu
1146029671781294083,viiliaa,viiliaa1
1146030443310927872,M–≤z‰∏®Kyobi,KyobiM
2984218688,Dodi Sholeh,DodiGrandong47
1146029745240305664,Ab,QorindriaP
1146030107359768576,Hendar suhendar,Hendars75648380
1146029858310385664,Devina,Devina93225049
1145328995619110913,Dita Mahapranita,MahapranitaDita
1146029712470208512,Arfan Maulana Ibrohim,AmoyyMaulana25
1146030166918848512,Dzachrie Sabilly,DzachrieSabilly
1146029002248712194,Puspa Pertiwi,PuspaPertiwi12
1146028565990789120,Walter,Walter88463029
1146014304568664065,Meylia,Meylia42627230
1146029998857342982,pputjhi,pputjhi
1146029636914012160,Salwadiah,salwadiaha
1146029252174737408,AHMAD SAHRONI,AHMADSA44432424
1143355772463505411,Nur Ahmad,NurAhma44596479
1096648876163878912,Mahendra,Mahendr00975368
701127924,Rio Dewa,im_satriadewa
1146028661247623168,Dnnda,Dnnda6
1092211415597731841,‚ä∞‚àô‚àò‚òΩùñòùñäùñëùñã-ùñïùñóùñîùñàùñëùñÜùñéùñíùñäùñâ ùñä-ùñôùñçùñîùñô‚òæ‚àò‚àô‚ä±,lilsl00t
1146028736820600832,Standin.fade,FadeStandin
1146027647631122432,Agussufiyat,agussufiyat
1146028878818791424,Difva Ra,DifvaRa
1146028875505209346,Litapuspita,Litapus83086782
1146007785756225536,Pubg,Pubg10888066
1145916380073492481,Syahril Maulana,rilsyam
1111435293461114881,Larona Hydravianto,hydravianto
1146028695594786818,Elti Bekroli,bekroli
1146028349598253057,indra,indra10986768
1146027157551845377,vdiasyhrsa,vdiasyhrsa1
1146028359656230912,Towi_hidayat,HidayatTowi
1131461382753284096,syifa,syifaaaaawww
1146003334215675904,Susan Charley,SusanCharley3
1137355249914482689,Bcdd,71Hrmwn
1146028118714408960,Tiyo,Tiyo69396333
1146028727983173632,endriel,endriel7
1146028485162328064,Kooza77,Kooza15
1087373416791924736,üí´,Lightpurple0_0
871453142,Bayu Ariawan,BayuAria1
1146028353037561856,Bedu,Bedu72040631
1146028092017668097,Devo Putra Romaylo M,voralo_mth
1032660749254975488,sleber,nazhirul5
1326239042,Nur Farida,bintangmayyasa
918348751,Try Cordelia A.S,trycordeliaas
1146026601781399554,Tikawulandari,barutika997
1146027950388609029,Azehari 1140,Azehari1
1146023719518662656,Adila melati Sari,AdilamelatiSar1
1144813110416400384,goen,goen18987444
1145975654644498433,sagita gumelar,sagita94198038
1146026677224370177,@anestin_halawa,AnestinHalawa
1141415017008390144,Jhon Bosco,JhonBos59172711
1146027235247181824,Benita Berlyan,nitaberlyan
1146027262245912577,Amsultansh,amsultansh
1146024361997901824,Sunarti,Sunarti29798803
1146005630202740736,Putri,Putri83475203
1145669147193249792,hana.pgff12,pgff12
1146026617367490561,Tukang Peceh,TPeceh
1077193383716646912,Gitaaaa,AnggitaRizanti
1146027204666486785,Aminah,Aminah69054259
1145802057267310592,Fira jens,JsFira
1145964414522101765,Anita Nabila97,AnitaNabila97
1145616480031010816,megadyanelektro,megadyanelektro
1146026704516726785,Penikmat Headline,PenikmatHeadli1
1145666924753252352,jeonÌååÎ©úÎùº,fmllprdna
1146026855717167109,adi,adi35197061
1146025291510239239,Reza Ummami,UmmamiReza
1146022346412609537,Bahdad Al Munir,al_bahdad
1146026797537955840,pptalvina,pptalvina
1146026271496790016,abdiasty_,abdiasty
1146026501839605760,Aisyah Aysila,AisyahAysila
1391579646,Is Mee,Ismi_light
1145208726355189760,Fahri Assegaf,RiaDwiKurniawa8
1146025699544719360,Lindung,Lindung54992773
1146025737293451264,Ningsih Aritonang,NingsihOklya
1146025676203446273,Yamin Min,YaminMin17
1146025648298717184,Carlylecarlie,carlylecarlie
1146025578056671232,Jangan Kepo,JanganK80579719
1146025552152682496,rif11,rif1110
1145967283702886401,Marimar,Marimar86806718
1146025504459255810,aukahgelap_,dimanja_
1146024202115227653,Puteri Devhi Mahani,DevhiMahani
889851521323499521,Denis Irwin Maulana,DenisIrwinMaul2
1146025834739666946,naderin,naderin1
1146025638400102401,Firza andika,Firzaandika19
1137966222815911936,Windiadelia,Windiadelia10
1076439500438433793,Tsamara Cinto_,CintoTsamara
1143837716653588480,Meeeeeeeeeeeaw,meeeeeeeeeeeaw
1146024686909677569,budy ramdany,RamdanyBudy
59985596,Setia Kurniawan,kukur2
1144894717336805376,py_ngatwadi@gmail.com,Mas_jonson35
1146023580301328384,Hanafiah,Hanafia73244682
3690847152,Yanche Situmorang,Yanche_mora
1146025055660331009,Joko96,Joko964
1146024362232840192,Nsabilah,Nsabilah3
1146025054582370304,Cindy,Cindy99420400
1146023448025522178,Yemima,Yemima15072803
1146025003961339906,Ckospulete,ckospulete
1146022367786749960,Hidral Azhari,HidralAzhari
1146024927557906432,Fajar Ramadhan,FajarRa89875718
1146024616718004225,Aisyah,Aisyah57195255
1145730523924271104,Abu Nawas Slengean,FikriBinAli
1146022822906437633,ramabayu,ramabayuandrian
910386308002013184,aldi subagja,subagjast
1145139793308737536,Ruchika Laida,laidaruchika
1146023813349384192,aliung chou,ChouAliung
1424881686,Chandra Dewi,Chandra30532582
1146024200391446528,Aseng Sanjaya,AsengSanjaya3
1146024359166795778,Prasetio_,Praseti46116054
1145980626052366336,resayurr,resayurr1
1146024275255545856,@aapriliyanto,aapriliyanto2
1146024241139081217,kumisssss,Diana23462033
1146024262244818944,ampun,ampun21783416
1144621820496076800,NovaRizal.F,NovarizalF
1146023020948910081,Salsabila,Salsabi51763253
1144574999598006273,yosepbello,yosepbello3
1146023782168944640,Tri Yanti,TriYant39129644
1146017938710777856,RaHMa,RaHMa89924336
1146022981358870529,Rose,Rose62610483
1146021830106333185,Yadi,yadii17_
1146023975761301504,Andri Paldi,AndriPaldi4
488225216,A Salih,ab_salih
1145364349789167617,ferdy,ferdy44139478
1146022916368134149,Abdulrahman Sholeh,Abdulr231
1146023419835584512,Persilebak,persilebak
1145882889206132736,Lee,Lee99264369
1146021069330870272,Untung,Untung66127789
1107532586773995520,Jamin,Jamin42256090
1146022921913036801,JfMalawat_,JfMalawat
334529849,Muftazar Ilham,IlhamAnjue
1014122935445958657,Venni,veeeeeeeeeeeee_
738371924,ifa,rifaulfah_
1145951258039083009,Zerlin,zerlinnnn
838269953308409856,Daessy Herlina Abast,DaessyAbast
1146011831640608768,Wasis Mulyono,mulyono_wasis
1146022120553451520,Indah_Nurindah,IndahNu43910666
1125745599867830272,Wijayanto,Wijayan62609616
1146022810260611072,Yedija Numbery,YedijaNumbery1
1146022496937754624,@pelangisetengah,pelangisetengah
1146021522521260033,Ismail Budiman,IsmailBudiman9
1146022088571887617,Khabibatur Rofiqoh,Rofiq2123
1146020488205893632,Yuli Yanti,YuliYan82994286
1146021519736205318,Arief,Arief63602454
1146008505804972032,Andri Kustanto,Andrikstnt
1131741619575648257,meüòú,ougenah
1146021776792571904,Tanyakamu,Tanyakamu9
1146020988728967168,MeyDaniel Rahakratat,MeyDanielRahak1
1146020683589152769,Oky nugros,OkyNugros
1145596508667932672,riskiaryadi4@gmail.com,riskiaryadi4
1146021371375316992,Hasim,Hasim72366199
1145860135144706049,RIRIN AGUSTINA,RIRINAG02130908
1146020834684723200,Roy Manruri,RManruri
1146021469190668288,Muhammad Ridwan,Muhamma02109754
1146021486051782656,Usep Setiadi,usep_setiadi
1131869366662811648,Pullpenn,Pullpenn1
1146021229435899904,Kun_fadh,kun_fadh
1146020981934178304,Aku,slayolai123
1145433215844270081,TyasJaya,TyasJaya1
1146021025122885632,Iis Rosmayanti,IisRosmayanti8
1146021241851039746,Hafid Alviero,HAlviero
1146020857841512448,TuitterL l,LTuitterl
2819718998,MRYanuartha,MRYanuartha
1146020334660796416,Ilham,Ilham01309433
1145715632463155200,Alfian ivan,Alfianivan3
1081180821669793792,Andreea PanƒÉ,andreea__pana
1144533812400939009,Jevand Rangga,JevandRangga
1146021257365708800,man.leun,ManLeun
1146020517352103943,Eka Fitriana,EkaFitr22567479
1145336009892061184,Mengyourbae,Mengyourbae1
1146020183527452673,Alrimhotambarita,Alrimhotambari2
1146020075217936384,megol69,Smegol39635848
1027360857812946944,Rani Astikayanti,RAstikayanti
1146020732813471744,Shevi,Shevi50487981
1146020301601300480,Mitha,Mitha88181865
1132109037707808770,Yunai,YuniAf17
1146020288921919493,Feby Luciana,luciana_feby
1146018661951344640,Diva Rahayu,DivaRahayu4
1146019687454523392,HafidhM,HafidhM2
1146020110689165312,PetrikSetar,shylaflvn
1146018201618116610,Dipaaaa,Dipaaaa5
1146019147572117506,MasdarJogopaten,JogopatenMasdar
1144228144712339457,Rian Hidayat,walkerian_
1145984853860470785,purwantodwi32@gmail.com,purwantodwi32
1130353493200449536,God Loves Australia ‚ù§Ô∏è,GodLovesAus
1146020312862953472,Fha,Fha69057971
1146019453030715397,Reza Wardana,RezaWar51934427
1146020156922949632,Rayen,Rayen79111698
1145728793916538881,Zakiyanaf_,nafsiyah_zakiya
1146020041583779841,Yunita Rahmawati,YunitaR13154084
1146018389292306432,budiset,budiset73
1146020037385310208,Rosellino,yourbae10062003
741590145762131968,Desri Febriyana S,DesriFebriyana_
1131635631489028096,Ma'ruf,Maruf08030156
1146019270821732352,rsyamhrwp_,rsyamhrwp
1146019110314110976,Nasywaaulianisa,nasywaaulianisa
1146009807867924482,Sjennie Marani Oroh,SjennieO
1146018428500627456,Try,Try92060588
1146019436433772544,Ayi mansur,Ayimansur1
1146018934505689088,Fikriemuhammad,Fikriemuhammad3
1146018838829342720,Feby Try Yanto,FebyTryYanto1
1146018671787008002,ameliya Mufida,AmeliyaMufida
1146018097070927879,FRtauta,FRtauta
1145622523561693185,Aku,Aku59563723
1138744492867985409,Bintang Kusuma,Bintang91507902
1145947321433071616,idris hasan,idrisha27522180
1146018415867355136,ululazmi.kadji@yahoo.com,KadjiUlulazmi
1146018290810019841,Rudiansyah,Rudians25547991
1146018332979560449,Atieqah Murni Muludi,murniatieqah
1146017840677306368,Afifzayin900,afifzayin900
1146018505373802496,Sam,sssssamuell
1145943218460037120,Yuni lestari,Yuniles04996022
1146016924670672896,Lenny Purba,LennyPurba4
1136569865081196545,Shafina,Shafinaar
1146018184098488322,Bungadwiyuliana,bungadwiyuliana
1146017921920978944,Ini saya,haniyaaa_17
1392028182,Dwi Riswanto,DarahBirv
1146018248023875585,Evi,Evi66262340
3287812556,John Adja,JohnJrcj
1146018161591902210,Deby,Deby52858990
1134604629684056064,Llyoidhopend Purba,llyoidhopend
1146014566817492993,Aak,Aak58723339
1146018310447747076,krensa,krensa2
1145974576830017536,Betaria Paris,BetariaParis
1141339502025179137,Rega,Rega58935806
1146017688109453313,Haya,_ohaya
1146017436602232832,Andrian,Andrian58225363
1146017429899767808,Rudisetiawan,Rudiset56484376
1143734253357658113,Lovrika Vika,lovrika
1084458274047447040,Sati Jambang,JambangSati
1146015483025481728,Febriana DiahüçÅ,Millie61803190
1146017707285893120,DzakkyBudiman,DzakkyB
1146017347557216257,doranovita,doranovita3
1146017112684560384,Damarjati O¬≤,DamarjatiO2
1146017143730819073,Yuhaneslilykkurniadi,Yuhaneslilykku1
1142809775110885376,Prastowo,Prastow74100777
1146017402737455105,Imam Budi,imam_bdi
1146016736518389760,Muhammad Syafii,Muhamma60393017
548640927,Irwan Faisal Ramdhany,dodinetral
1146017133140176896,Erlandra putra,ErlandraP
1146017514054287362,agaris777,agaris777
1145783135860215808,Cak min,Cakmin59014676
1146016556482097152,Vyasa Suastawan,VSuastawan
1146017340951150593,Raisya somantri,RaisyaSomantri
1146015720662110210,Cntkazyaa_,cntkazyaa
1144479613801730048,skuyhoho,skuyhoho
1146016012430561280,Muhammad Rifal,Muhamma10418323
1146016131477430272,RismaSeptiani,Mrs_Risma2709
1145608325838413825,Bara,Bara73376315
1146016947814801408,Tira,Tira66126499
1145605865195524096,Lukman Boim,BoimLukman
1146016721272111104,leaüåº,leattebae
1146015602277900288,Jihan Sri Wahyuni,JihanSriWahyun1
76271331,Michael Simoncelli,Mike_Rcv
1146016905536270336,qrstwit,qrstwit
1146016706956910593,Taniaandarini,Taniaandarini4
122609142,Andrew Y. Sumolang,anyohsu
1146015591876050944,Deny Pandie SH,ShPandie
1145925580786810880,Nanang,Nanankstd445
1146016287690121217,Ngapain Sih,ngapain_sih
1146016054784614402,SSREPALŒ†,ssrepal
1145551169927839744,Ryiieee,Ryiieee1
1146016259856711680,Irfan,Irfan62802087
1146015613925482498,Yogiprayitno,Yogiprayitno10
1146015884927856641,Devi Ayu F,Deviiafnd27
1146015819228274688,ganetya divananda,namastuu
1146015534971883520,Muhammad Ubaidillah,Muhamma56221616
1140185629084360704,dwirh,dwirh12
1146015031428935680,sri windah pakaya,WindahPakaya
1146014891754393601,Faizzaturrz,Faizzaturrz1
1076739338552016896,Laras Yogorini,Larasyrr
1145690573191303168,Nailassf,Nailassf1
1146015750139760640,Vanyaaa,Vanyaaa64083054
1146012586279747584,Sarki,Sarki94440170
1146004667513462784,@moh.ikb_,Ikb23719002
1146015311377735681,Galang Muhammad,Galang96771602
2320436152,Subairi,Go_odbay
1146015181316612096,Kemal Umar Fath,KemalUmarFath6
1145926529450274817,Ainurhy,ainurhy
1146014051425644545,wahyudi,wahyudi09533595
1146014297744502784,Cut nyak,Cutnyak87551886
1146014843113107456,April,April05244894
1146014866504736768,Ikang,Ikang67154883
1140341189603807232,Putu Seni Wahyuni,PutuSeniWahyun1
1146014621930672128,Adis Imuet,AdisImuet
1146013014409138176,elizabeth.okita,ElizabethOkita
1146013862287724544,umar_yuda,YudaUmar
1146013950410022912,Dede liyan,LiyanDede
1146013606720331778,Jk,Jk26629613
1192391768,Rosmauli,rosmaulidiana_
1146013970274275328,LhieyaZ,LhieyaZ
1144069878136971264,Andri Yani,Andriyani1215
1141342104456613888,Febby Saputra,FebbySa26996772
1146013577771245568,Bocahsaa,bocahsaa
1146013766342987776,Edenchristian,Edenchristian11
1146012466150666245,Gembud,Dustin21002047
1146013777290072065,Rubi Darmawan,RubiDarmawan4
1146013822215344128,Padilcntl,padilcntl
1144608017700179968,Agung Wira,agoengwira_
1146013020914511872,Divia,Divia55200770
1146013776434438144,Hack Bee,HackBee17
1146012172817821697,Rista Hirawati,HirawatiRista
1146012928404930561,Milla Mimon,MillaMimon
1146013349164929024,bunga mawaddah,mawaddah_bunga
1146012076680179712,bpkadsumedang,bpkadsumedang
1146012834041458689,Bella Fadhillah,bellaafd
1146010722284916736,Dean Raphael Pakasi,DeanPakasi
1146012540436013057,ekaayunita,yntaekaap
1146012312202932225,ZAINUDDIN ADNAN,ZAINUDDINADNAN2
1146012842891460609,Ahmad fikri,Ahmadfi65276309
1086822255873511430,Devon pratama arejala,PratamaDevon
1146012403525545984,Safrillah,Safrillah8
1146011005425553408,Ifa Nur Fadlilah,IfaNur
1146012506407620608,Wahyudiiii,Wahyudiiii2
744136565291528192,Ghooz,ImamGhozal6
1098481073225269248,Kopi35,Kopi351
1146012578763534336,albirtriadi07,albirtriadi07
1146012478398070785,Aw,awkwancut
1146012379718668288,Anne Maulina,MaulinaAnne
1144814353213841408,Ameliarzkyy,Ameliarzkyy2
1138383748032892928,abu rifa,aburifa8
1145999347751911424,Sumitro,Sumitro88021058
1145536716813426688,Riska Alfiana,RiskaAl45418591
1086175867586277376,Rizki,Rizki53083605
1146011657665048576,Roslina Tambunan,RoslinaTambuna1
1146010401089323008,Billyantoro pakaya,Billyantoropak1
1146010477475987457,Nolpinorpi,nolpinorpi
1633381686,Gunawan soebrata,gns_gunawan
1146011618674745344,Aleron,Aleron17
1146011438659465216,Syarif Qodank,QodankSyarif
1146011506078674945,Bintang Anugrah,Bintang28968490
1146011585338462208,DoNi11,Ni11Do
1119132070339436544,hasiwawaugg,hasiwawaugg
1146011047863566336,Yntankn,yntankn
1146010588625031168,Abah odel,AbahOdel
1146009136938643458,Malomo,Malomo12388496
874547032593121280,I an,b_bintangc
571941987,Arieta Tata Rahayu,arietatata
1145346341196845056,Ilaelvazahra,ilaelvazahra
1145466636574420992,Habib Aksana Rizqy,HabibRizqy
1138303773648932864,joenaeedee,joenaeedee1
1146010194482061312,Lisa_,Lisa36215755
868403419928645632,LIN,yuukinoearl
1146009844568092672,Roberth Kuta,KutaRoberth
490101641,Rista Feny,rystha_tha
1146010291282444288,latif,latif22652629
1146010944876638208,Devia,Devia37952989
1146010775087022080,Luthfii,Luthfii83850382
1140023104539783168,Meeggaa,MegaDwiUtami15
1146010235397529600,Bagas_wicaksono,Bagaswi52921185
1146010592316051461,Sanjikun,Sanjiku88662203
1143319069145178112,Hanif S,HanifS42322856
1146010780866768896,Ridho Ali,RidhoAl99657573
1144818181875179520,sukmawijaya,sukmawi22537003
1146010671047311360,Rizki Awaliyah,RizkiAwaliyah2
1146009952122654721,chan,amelia_chana
1143303731238203392,Evan. Pan,EvanPan15
1146010139536707584,Risswoyo,risswoyo
1146010132330868736,Winardi Yulianto,YuliantoWinardi
1146010205903179777,Julwansen Sitopu,JulwansenSitopu
1144824933148553216,Arshel Divassha,ADivassha
1146009988055224320,Chyzee,Chyzee2
1146005449252098048,Masdab21,masdab21
2384657756,Aditya Ari Purwanto,chiyarhodes
1146009953896845312,auliadheva,auliadheva1
1146010247045115904,Nawwz,Nawwz16
1146009837550968833,Ryuuka‚ôê,Ryuuka_182
1068415278571110400,rozikin@,RZamudin
1065009290,sa,Agnesshiffa
1146009967947743232,Aisyah,Aisyah59886608
1146009743082655744,Sri_Aini681,Aini681Sri
1146009618222477312,Muhamad,Muhamad40941277
1146009530955784192,Yulhan,Yulhan98346879
1146007540007759872,Samuja,Samuja9
1146007954174304256,Gresela_sitorus,GreselaSitorus
1146009011503763456,Rohmat Ali,RohmatA91803255
1146008947821666307,Siwiha,Siwiha1
1146009348956573696,Agoes,Agoes43496359
1146009094475489280,Juliansya Pratama,JuliansyaP
1146000190475649024,Oktavianus Harianto,OktavianusHari3
1145679200524783616,Ihsan,Ihsan88082423
253609069,Seyeeng,sarahindahw
1145585468131557376,Komariah_ardyansyah,Komariahardyan2
1146009395072946176,Sucijuliani,Sucijuliani3
240830093,I'am PENYU,YudistiraIndraP
1145854176812867585,Ilham Sukirno,ilham_sukirno
1146006928901804032,Aditya Suhada,AdityaSuhada2
1146005976589332481,Wendy Nugraha,_breathjr
1145713768749383681,Ridwan Al Muhrom,keron08
1146008721933230082,sasmithamitaa,sasmithamitaa
1145660672958578689,Rezaa,Rezaa04804823
1146008608397594624,Pichis,Pichis16806382
1145675093818765312,Strekk,Strekk5
1146008637447393283,Aqil Naufal,AqilNaufal19
1146007271891095557,Sukatno Sukatno,SukatnoSukatno4
1145998546035859456,Dinda_VKüêØüê∞,VkDinda
1144999718465884161,Syauki ramdan,RamdanSyauki
1146002788339478528,Joko,Joko94836475
1146008242977292288,Cute,Cute65606996
1146006975852847105,Yuniarrr,Yuniarrr3
1146007953876516864,Arelio,Arelio95878139
1145721214570135552,Djahrudin,Djahrudin8
1146007291142922241,Frans Lebawezo,lebawezo
754628557,KE‚Ñ¢,Pipops13
1146008128263086080,mhmmdgry,mhmmdgry
1143750585583149057,ü•Ä,indiyahei
1146007716579516417,Juna_11P,11pJuna
1146007423603240961,Cherly_Carmona,CarmonaCherly
1146006507470802944,Andy Hermawan,AndyHer28679949
1126131547365527560,Mrozak Setiawan,Mrozak36709604
1146007026188742657,Aries Sandy,AriesSa92431276
1146006302792925184,Abdul Rahman Surbakti,SurbaktiRahman
1146006985034194944,Rnz01,Rnz011
1146007392842162177,üåô`—èŒ±‡πÄ…≥·Éßc…¶…†œÖr‚Ñì‚úß*:ÔΩ•Ôæü,Nudtella6
1144747621409361920,Trisning Robiyana,TRobiyana
2741373248,eva nina,En84Eva
1146006964360503296,Pinadi Gmk,PinadiGmk
1146006528786223104,BUDI BAWA LAKSANA,bawa_budi
1146005915939721216,Mapara,Mapara47131979
1146006306639077379,Sri Lestari Siregar,SriLestariSire1
1146006797255237632,nrahmi rahim,NrahmiR
1146006549128605699,Teti Hariyanti,teti_hariyanti
1146006393700245504,Hastuti,Hastuti59816078
1146006678271172610,Al Marten,AlMarten3
1145178551047483392,Gheisya Wulandari,GheisyaW
1146006514378784768,Munawar,Munawar02984880
1146006401585569792,Irfanzzzz,Irfanzzzz2
1143159907971026946,onasislam,onasislam
1146006261521010689,Tri,Tri54879267
1145652557059985410,Iyank,Iyank98120823
1146005684649021440,Lailaela,Lailael39012515
1142112524126412800,Muksin,muksineni
1145997325329825792,keysha anandita,keycehaa
1146005723215618049,Raiz Ina,ina_raiz
1146006127722680321,Nlatifa21,Nlatifa212
1146005079327043584,BNA_03,03Bna
1146005378095669253,Amelia,Amelia52081513
1146006226095861760,ZoRo11,Ro11Zo
1146005582643515392,Mcllkay,mcllkay
1146005663304171521,Anggraeni,Anggrae16735771
1118378390682259457,Tahta Langitan,Buyoung16
1146005851091587072,uduk,jekajeki
1146005429169745927,Yahya Idris A.,YahyaIdrisA3
1146005258688061440,Thiting_Kobandaha,ThitingK
1146005359527526405,Feri Irawan,FeriIra73334632
1146004798610632705,Nazwa Pratama,NazwaPratama3
1094013236918153216,Nasrun nainggolan,Nasrunnainggol1
1146005304485634048,Pututami,Pututami3
1145967600595111936,Rio Alex,RioAlex47520930
1146004115949903872,Khozinul Asror,Khozinu53788297
1146004644725809152,Januari Sarumaha,SarumahaJanuari
1145197875296555009,Rangkoto,Rangkot85842929
1146005483003662337,Dina Melia,DinaMelia17
1145894656997150720,Atikha Hadzami,AtikhaHadzami
1028738959,Windarto A.S,windartoasfor99
1146002740251779072,Hart Ontw,OntwHart
1146004992920190976,Pipih Astria,PipihAstria
1146004779056762881,Nurul azizah,Nurulaz09013883
191790119,leatripena,LeaTripena0407
1146004779379769345,TimPenggerakEsiaPOKER,EsiaTim
1097891686687096833,Diogo Gomes,DI0G0_G0MES
185958913,Cut Sherin Nadilla,CutSherin
1145764053089845249,Enengharum19,enengharum19
1145684378434981890,"ATRBPN_Serui,Papua.",ChioTamauli
1146004232027271170,Daqoz,da_qoz
1145988176701546496,andrea young,andreay30536592
1146003985725181952,Latif Yasmin,LatifYasmin5
1146002066059358208,Cha,Cha07387321
1145744413823397888,Nabila Maharani,NabilaM10619439
1129346921410117632,‚ú®,recehya
1146001423793922048,Ridhazizah104,ridhazizah104
1145985625037787137,Very Fachrizal,FachrizalVery
1146002809264824323,Khora Noval,KhoraNoval
543774341,gilang,gilangpinanggit
137632366,chrismonwulandari,ndari_24
1146003130284298240,Bearwoojinnie,Bearwoojinniee
1146003052362518530,Human,Human21946097
1130679762546913280,Pas,Pas13996894
1146003884587925504,Kopihitam,Kopihit23029286
1145943477546434561,Nanang,Nanang09722185
1146002321446338560,Zhiasqmr,zhiasqmr
1146003059497000961,"Pandis jr,",PandisJ
1146001710399148032,Ahmad Yani,AhmadYa12536993
1146002777606279168,Victor Natinegoro,VictorNatinego1
4756352256,Hilda,hilda_bire
1146003429145243648,deary trivian,TrivianDeary
1146002585427406848,Saputra_an,Saputraan2
1146002961455149057,Kiki widya sari,Kikiwid49321793
1146002951489503232,SBT Bandengan,SBandengan
1146002633041125376,Steffi renita,RenitaSteffi
1146001894877224960,Udis Sudirja,SudirjaUdis
1146002336466079747,Linda Puspita sari,LindaPu86439164
1146001917446770690,adhies,adhies02816040
1145999247650611201,@agus_hafiyanto,AgusHafiyanto
1145892349244891136,Biro Hukum dan HAM Setda Provinsi Bali,bhukumhambali
1146001746428170240,egidia intan,egidia_intan
1146002241955880960,BilliElish,billi_elish
1146002409375748096,Aris Pratama,ArisPra85553031
1143820740145250305,mangakajalanan_adamas,mangakajalanan
1121114519915257856,citras.hopping,CitrasHopping
1146001506409205760,Mas Ponidi,MasPonidi2
1145974026700873728,@pecel lele cak penyue,penyue939
1146000595779637248,Fadillah_Abrar1302,abrar1302
1146001660142968832,putrinaviana,putrinaviana
1145892714711437312,k4rna3@gmail.com,k4rna3
1146002134627844096,Silva Margaretha,SilvaMargareth1
1146001593034166272,Syifa Aininda Sagena,SSagena
1146001250166509568,Izza,Izza88698891
1146001863013064706,Alfiani Damaiati,ADamaiati
1145999910350626816,Heril,Heril89421926
1145839509289836544,Topan,Topan16010935
931837254812672001,error,zayyan86
1146000797408231424,Ipang Aveiro Rodriguez,AveiroIpang
1135719552111616000,√±yamukk,Haimuha2
1146001226577768448,aliaoktavia,aliaoktavia4
1146001012810866688,Rathy,Rathy92813002
1146001405519335424,Milea Amanda,amanda_milea
1145689926408687616,telur ceplok,Matasapi9
1130024892034797568,Masayuki Takagi È´òÊú®ÈõÖ‰πã,H8CXzJsWlBL2AtY
1145999033548193792,ifanf,ifanf8
1039331227570909184,Apriliaaa_rd,Apriliaaa_rd
1146000875137060864,Rafli Al Riziq,RafliRiziq
1146000121865236480,Auliash,Auliash12
1146000818358771713,Vero Firmansyah,firmansyah_vero
1145164571306364929,dela,delarestianiii
1145999644318547968,Dinda Anisa,DindaAn85624106
1146000500501778433,Badjoel,Badjoel7
1145957134636425216,Yo Wis Ben,HalloHanna1
1145999817354567680,Mithun1924,mithun1924
1128087467821682688,Ferdinandus Tambun,FerdinandusTam2
1145999760416890880,Hanif Usamah,HanifUsamah1
1143787922623094785,Joan Valerie,JoanValerie6
1145983312449511424,wihdatulummah_jagakarsa,wu_jagakarsa
1145999242646810625,Tien Yusuf,tien_yusuf
1145980214058426369,Siti Shopiah,SitiShopiah12
1145998498262765569,Anceli Nadin,AnceliNadin
1145999411253612546,AdityaLie,Petruslie7
1139423094940950528,Fitriaüê£,kewpoloe
1145998632342020097,ivana hana poluan,HanaPoluan
1145996320345219072,Ask Later,AskLater4
1133851026946023424,Ferdy_Hadi,FerdyHadi3
1145999551200759808,Anazz,Anazz89080516
1145999130004578304,Tatum Ghea Faricha,ghea_tatum
1145999402139410432,Icung,Icung74965483
1145918343330709504,Adelia Agustina,AdeliaA16508864
1145956084613439488,Auliadwinurff,auliadwinurff
1145999189152657408,Steven,Steven03526831
1145999469609021440,Nining Astuti,NiningAstuti7
1145999329359831041,Menase Kadepa,MenaseKadepa3
1145999239270416385,mbok wes twek,TwekWes
1145998762638073856,Syukriadi,Syukria20484439
1145998581477728256,mbokwest.,mbokwest
1145997789412749314,Masril,Masril80020200
1119461857956229120,agung tiku,AgungTiku
1032768481979031552,Winardi Panggarbessy,WinardiPanggar1
1145985677860847616,khotimah,NokOti5
1145998603426492416,dhanti.,RamadhantiDw_
1145998274056245253,Ermawi Awi,AwiErmawi
1145982728816381952,Maria Christina rosarianti,RosariantiMaria
1134333916209340416,Oktap,Bucinop84587952
1145998749623152640,Ila,Ila58859201
1145249297123835905,aldisp,aldisp19
1145998885799620610,Khairul Akbar,Khairul67611496
837801448171692033,Inka Novela,InkaNovela2
1145996923200917504,Adri,Adri67421294
1140616867226062849,yuni lestari,kittyyyyyyyy_
1145998043021340672,Athena Rossa,RossaAthena
1145733462806028288,Babun Br,BrBabun
1145998135396720645,Noona mia,Miasafi16947762
1145998216330014720,Andi Tarigan,AndiTar97945833
1145998015636754432,dimashu,dimashu5
1145998167835463680,igho,igho65128021
1140583712070893568,wadi suryadi,wadisuryadi1101
1145997907952168960,Asharyk. Ary,AsharykA
1145997705199509505,Egaazzhüòà,Egaazzh2
936546983401132032,miraa,miraa88992390
1145997703781838848,Ryan,Ryan43952511
1145996341329268736,Eruruniza,eruruniza
1145995664473509888,Lisiu1002,lisiu1002
1145997898934472704,yuliaputri,yuliapu23204917
1144233623450578944,Jasa Instagram Views Video,cuanpreneur
1145997093825216512,Wahyudi,Wahyudi11711068
1118414367815389185,.,lisa84696303
1145997399409606656,Neni,Neni51688910
1145996704799289346,Jarwo Cipeng,JCipeng
1143864238760321024,Kisnurismah,kisnurismah
1145997098682204161,Novianty,Noviant15440596
1145997105376317440,Martha Niat,MarthaNiat
1145996540177076224,Hudaa,mkhhudaa
1145993822364557312,DhanixBlack,DhanixB
1089763964999786498,Masrud,Masrud7
1145996898081243136,Sr,Sr25181057
749234994212540416,Muhamaad Zull,MuhamaadZull
318903788,Momo Mulyanto,momo_mulyanto
1145996979857530880,Dimas nugraho,DimasNugraho
1145996169182502912,Jehaa,Jehaa37134761
1144456964098805760,Mini,Mini35587423
1145972009806913536,Irma,Irma45101614
1145996293111611392,PARTAI AKAL SEHAT,PAS_NKRI
1145996128732626944,ahmad ainil,AhmadAinil
1145996316079611904,Elsaa,Elsaa48158687
945548305030770688,Jww_hlda17,j_hlda17
1145529748765855744,Tahubulat__,InkaSasti
210848795,"BuCin, S.Pd., Gr.",arsajaya
1145995736678453248,Roni Saputra,RoniSap94646542
1145996414117240833,igho,igho29989019
1145995740478468097,Danilz_Art,ArtDanilz
1145996529334800384,NawüôÑüòé,Naw86239819
1145843846795780097,Mohammad,Mohamma21533964
1145993758623748096,Arini,Arini69545655
1145995955059056640,Sukoco,SUKOCO_PEMBAWA
1145995131071258625,Afridha Setya,afridha_setya
1145726128847384576,siulf_,siulf1
1145995408264482817,SRI AYU,SRIAYU46571809
1145994853626466306,Di Puspani,DiPuspani
1145995964684963840,Hack Bee,HackBee16
1129681268365357056,Renal kamaru,KamaruRenal
1131065545330085889,UMBU NGAILU PASALANG,UPasalang
1145995593753358337,Moh taufik H.,MohtaufikH1
1145985015819358213,Ella Safira,EllaSafira15
1145990864964993024,AG,Gunadamaa_
1145994834332663808,Lunatiranda Barandale,barandale
1145995324743274496,Fitri,Fitri02500882
1145990149831974912,banbocor,awalmazhari
1145995218585473024,Anggi ardiar_12,12Ardiar
1145995651198492672,binsabil üí•,bissabil
1145994840410169344,aku siapa?,LusiWul23984057
1145994997533036544,Adelia Sani,sosissonice11
1145995126457548801,Muktaji,Muktaji6
1141821370344460288,Farik Azis,azis_farik
1145995339725299712,Selz,Selz21610175
1145994704116281344,Amanda,Amanda70947112
1145995233714307072,Rifqi ZM,zm_rifqi
1145994990968901632,Isman Mediapatriot,IMediapatriot
1145990533166223360,Panggil saja,Neiss_
1145995138658738177,Samuel Manurung,SamuelM76005775
1145994453494067200,Kuspriyanto,Kuspriy26054168
1145993821471121410,ahmad_,ahmad89953083
1145994781832540160,sakatonikABC,sakatonikABC4
1145994919477043201,RazeR Squad,SquadRazer
1145994789839441922,Rahmatullah,Rahmatu36861252
1145994831333773314,Muhammad Akbar Deardo,deardo_akbar
1145994746201964545,Luc Adie Hikmawan,AdieLuc
1145994143694327808,Silpani Mahdaniyah04,SilpaniM
1145994189294850049,Enok Ratnayu,ERatnayu
1145994269934542849,Yan Sari,YanSari44988965
1145993722556891136,Desi Oktavia,_desioktavia
1145993632870125569,Ilham Dwi Atmojo,atmojo_ilham
1145993884347990016,Ayu Putri Cahaya,ayuuuuue
1145828978550161408,febriana 1203,Febriana1203
2617671708,Adhe Arieyandi,AdheArieyandi
1145993882506678272,Dwi_Setiyono,DwiSeti21569815
1145991874152321024,M.sale,Msale41879156
1145993669880639488,Evha,Evha48347793
1145993893449621504,Yayiwimala,Yayiwimala1
1145993719172067328,Nopaaaall,Naufal24534516
1136522284926038016,Putri,Putri98328983
1145367366705876993,Aldy,Aldy21609974
1145413494331736064,Applejack345,Applejack3451
1145993484597284864,always funn,alwaysfunxxx
1145992989149241344,DzulQornain,DzulQor51137901
1145992067312603136,Mikail S,MikailS12
869631547565015041,ucok banten,Dediaza9
1145992299626635264,fistarika,fistarika1
1145992025461755904,Muhamad Ghufrana,GhufranaMuhamad
1145984724810137605,Faizal,Faizal14426848
1145990920862490624,mukit mr,mukit_mr
1145992729601556480,diana,diana87408923
1145991568601387009,Alwi Ulin,alwi_ulin
1145992371336646656,Taufik Hidayat,Taufikhiidyt
1145992460750819329,Suheri,Suheri68625655
1138781937902936064,LingmeyLumintang,LingmeyL
1143274752938655744,Juan Artur Ivansah,JuanArtur4
1144189667677315072,Jubae,Jubaedahhh2
1048628225671188480,Afdalul,Afdalul12
1145991995061460992,Febriyani,Febriya65267048
1145992140771561477,Harry Regar,RegarHarry
1136320154105597952,Boy,Boy41064992
1145991297368350721,riliz mh,MhRiliz
1134909069892784128,ùòøùôûùô•ùô°ùô§ùô¢ùôñ ùôàùôñùô†ùôûùô£ùôú ùôéùôöùôßùô´ùôûùôòùôöùô®,Jasa_Wahyu
1145989903458508801,hey.me,diemdiemajeane
1145991727666171906,Wahyuhel,WahyuHelmy2
1145989412070674432,Nederland Gids Bali,GidsBali
1145908499085287424,Yhona Yhulianti,YhonaYhulianti
1341315205,wellyjs,wellyjs
1145990467349143552,jin,nowheryujin
1145990851828432896,Rocky Martin,RockyMa72012374
1145990964999118848,Ainun Fadhila,AinunFadhila2
1145984647098064896,Jazuli,Jazuli_ambiyah
1144218318204628993,Nama tidak boleh kosong,ad_dhe14
1145164985749798913,Elvina,Elvina21725968
